{
  "Changes": [
    {
      "Action": "Load",
      "Target": "{{ModId}}_Green Slime/texture_0,{{ModId}}_Green Slime/texture_1,{{ModId}}_Green Slime/texture_10,{{ModId}}_Green Slime/texture_11,{{ModId}}_Green Slime/texture_12,{{ModId}}_Green Slime/texture_13,{{ModId}}_Green Slime/texture_14,{{ModId}}_Green Slime/texture_15,{{ModId}}_Green Slime/texture_16,{{ModId}}_Green Slime/texture_17,{{ModId}}_Green Slime/texture_2,{{ModId}}_Green Slime/texture_3,{{ModId}}_Green Slime/texture_4,{{ModId}}_Green Slime/texture_5,{{ModId}}_Green Slime/texture_6,{{ModId}}_Green Slime/texture_7,{{ModId}}_Green Slime/texture_8,{{ModId}}_Green Slime/texture_9",
      "FromFile": "Textures/Green Slime/{{TargetWithoutPath}}.png"
    },
    {
      "Action": "Load",
      "Target": "{{ModId}}_Green Slime_dangerous/texture_0,{{ModId}}_Green Slime_dangerous/texture_1,{{ModId}}_Green Slime_dangerous/texture_2,{{ModId}}_Green Slime_dangerous/texture_3,{{ModId}}_Green Slime_dangerous/texture_4",
      "FromFile": "Textures/Green Slime Dangerous/{{TargetWithoutPath}}.png"
    },
    {
      "Action": "EditData",
      "Target": "mushymato.MonsterVariety/Data",
      "Entries": {
        "Green Slime": {
          "Varieties": {
            "{{ModId}}_Green Slime/texture_0": {
              "Sprite": "{{ModId}}_Green Slime/texture_0"
            },
            "{{ModId}}_Green Slime/texture_1": {
              "Sprite": "{{ModId}}_Green Slime/texture_1"
            },
            "{{ModId}}_Green Slime/texture_10": {
              "Sprite": "{{ModId}}_Green Slime/texture_10"
            },
            "{{ModId}}_Green Slime/texture_11": {
              "Sprite": "{{ModId}}_Green Slime/texture_11"
            },
            "{{ModId}}_Green Slime/texture_12": {
              "Sprite": "{{ModId}}_Green Slime/texture_12"
            },
            "{{ModId}}_Green Slime/texture_13": {
              "Sprite": "{{ModId}}_Green Slime/texture_13"
            },
            "{{ModId}}_Green Slime/texture_14": {
              "Sprite": "{{ModId}}_Green Slime/texture_14"
            },
            "{{ModId}}_Green Slime/texture_15": {
              "Sprite": "{{ModId}}_Green Slime/texture_15"
            },
            "{{ModId}}_Green Slime/texture_16": {
              "Sprite": "{{ModId}}_Green Slime/texture_16"
            },
            "{{ModId}}_Green Slime/texture_17": {
              "Sprite": "{{ModId}}_Green Slime/texture_17"
            },
            "{{ModId}}_Green Slime/texture_2": {
              "Sprite": "{{ModId}}_Green Slime/texture_2"
            },
            "{{ModId}}_Green Slime/texture_3": {
              "Sprite": "{{ModId}}_Green Slime/texture_3"
            },
            "{{ModId}}_Green Slime/texture_4": {
              "Sprite": "{{ModId}}_Green Slime/texture_4"
            },
            "{{ModId}}_Green Slime/texture_5": {
              "Sprite": "{{ModId}}_Green Slime/texture_5"
            },
            "{{ModId}}_Green Slime/texture_6": {
              "Sprite": "{{ModId}}_Green Slime/texture_6"
            },
            "{{ModId}}_Green Slime/texture_7": {
              "Sprite": "{{ModId}}_Green Slime/texture_7"
            },
            "{{ModId}}_Green Slime/texture_8": {
              "Sprite": "{{ModId}}_Green Slime/texture_8"
            },
            "{{ModId}}_Green Slime/texture_9": {
              "Sprite": "{{ModId}}_Green Slime/texture_9"
            },
            "Default": {
              "Sprite": "Characters/Monsters/Green Slime"
            }
          },
          "DangerousVarieties": {
            "{{ModId}}_Green Slime_dangerous/texture_0": {
              "Sprite": "{{ModId}}_Green Slime_dangerous/texture_0"
            },
            "{{ModId}}_Green Slime_dangerous/texture_1": {
              "Sprite": "{{ModId}}_Green Slime_dangerous/texture_1"
            },
            "{{ModId}}_Green Slime_dangerous/texture_2": {
              "Sprite": "{{ModId}}_Green Slime_dangerous/texture_2"
            },
            "{{ModId}}_Green Slime_dangerous/texture_3": {
              "Sprite": "{{ModId}}_Green Slime_dangerous/texture_3"
            },
            "{{ModId}}_Green Slime_dangerous/texture_4": {
              "Sprite": "{{ModId}}_Green Slime_dangerous/texture_4"
            },
            "Default": {
              "Sprite": "Characters/Monsters/Green Slime_dangerous"
            }
          }
        }
      }
    }
  ]
}