{
  "Changes": [
    {
      "Action": "Load",
      "Target": "{{ModId}}_Haunted Skull/texture_0,{{ModId}}_Haunted Skull/texture_1,{{ModId}}_Haunted Skull/texture_2,{{ModId}}_Haunted Skull/texture_3,{{ModId}}_Haunted Skull/texture_4,{{ModId}}_Haunted Skull/texture_5,{{ModId}}_Haunted Skull/texture_6,{{ModId}}_Haunted Skull/texture_7,{{ModId}}_Haunted Skull/texture_8",
      "FromFile": "Textures/Haunted Skull/{{TargetWithoutPath}}.png"
    },
    {
      "Action": "Load",
      "Target": "{{ModId}}_Haunted Skull_dangerous/texture_0,{{ModId}}_Haunted Skull_dangerous/texture_1,{{ModId}}_Haunted Skull_dangerous/texture_2,{{ModId}}_Haunted Skull_dangerous/texture_3,{{ModId}}_Haunted Skull_dangerous/texture_4,{{ModId}}_Haunted Skull_dangerous/texture_5,{{ModId}}_Haunted Skull_dangerous/texture_6,{{ModId}}_Haunted Skull_dangerous/texture_7,{{ModId}}_Haunted Skull_dangerous/texture_8",
      "FromFile": "Textures/Haunted Skull Dangerous/{{TargetWithoutPath}}.png"
    },
    {
      "Action": "EditData",
      "Target": "mushymato.MonsterVariety/Data",
      "Entries": {
        "Haunted Skull": {
          "Varieties": {
            "{{ModId}}_Haunted Skull/texture_0": {
              "Sprite": "{{ModId}}_Haunted Skull/texture_0"
            },
            "{{ModId}}_Haunted Skull/texture_1": {
              "Sprite": "{{ModId}}_Haunted Skull/texture_1"
            },
            "{{ModId}}_Haunted Skull/texture_2": {
              "Sprite": "{{ModId}}_Haunted Skull/texture_2"
            },
            "{{ModId}}_Haunted Skull/texture_3": {
              "Sprite": "{{ModId}}_Haunted Skull/texture_3"
            },
            "{{ModId}}_Haunted Skull/texture_4": {
              "Sprite": "{{ModId}}_Haunted Skull/texture_4"
            },
            "{{ModId}}_Haunted Skull/texture_5": {
              "Sprite": "{{ModId}}_Haunted Skull/texture_5"
            },
            "{{ModId}}_Haunted Skull/texture_6": {
              "Sprite": "{{ModId}}_Haunted Skull/texture_6"
            },
            "{{ModId}}_Haunted Skull/texture_7": {
              "Sprite": "{{ModId}}_Haunted Skull/texture_7"
            },
            "{{ModId}}_Haunted Skull/texture_8": {
              "Sprite": "{{ModId}}_Haunted Skull/texture_8"
            },
            "Default": {
              "Sprite": "Characters/Monsters/Haunted Skull"
            }
          },
          "DangerousVarieties": {
            "{{ModId}}_Haunted Skull_dangerous/texture_0": {
              "Sprite": "{{ModId}}_Haunted Skull_dangerous/texture_0"
            },
            "{{ModId}}_Haunted Skull_dangerous/texture_1": {
              "Sprite": "{{ModId}}_Haunted Skull_dangerous/texture_1"
            },
            "{{ModId}}_Haunted Skull_dangerous/texture_2": {
              "Sprite": "{{ModId}}_Haunted Skull_dangerous/texture_2"
            },
            "{{ModId}}_Haunted Skull_dangerous/texture_3": {
              "Sprite": "{{ModId}}_Haunted Skull_dangerous/texture_3"
            },
            "{{ModId}}_Haunted Skull_dangerous/texture_4": {
              "Sprite": "{{ModId}}_Haunted Skull_dangerous/texture_4"
            },
            "{{ModId}}_Haunted Skull_dangerous/texture_5": {
              "Sprite": "{{ModId}}_Haunted Skull_dangerous/texture_5"
            },
            "{{ModId}}_Haunted Skull_dangerous/texture_6": {
              "Sprite": "{{ModId}}_Haunted Skull_dangerous/texture_6"
            },
            "{{ModId}}_Haunted Skull_dangerous/texture_7": {
              "Sprite": "{{ModId}}_Haunted Skull_dangerous/texture_7"
            },
            "{{ModId}}_Haunted Skull_dangerous/texture_8": {
              "Sprite": "{{ModId}}_Haunted Skull_dangerous/texture_8"
            },
            "Default": {
              "Sprite": "Characters/Monsters/Haunted Skull_dangerous"
            }
          }
        }
      }
    }
  ]
}