{
  "Changes": [
    {
      "Action": "Load",
      "Target": "{{ModId}}_Lava Lurk/texture_0,{{ModId}}_Lava Lurk/texture_1,{{ModId}}_Lava Lurk/texture_2",
      "FromFile": "Textures/Lava Lurk/{{TargetWithoutPath}}.png"
    },
    {
      "Action": "EditData",
      "Target": "mushymato.MonsterVariety/Data",
      "Entries": {
        "Lava Lurk": {
          "Varieties": {
            "{{ModId}}_Lava Lurk/texture_0": {
              "Sprite": "{{ModId}}_Lava Lurk/texture_0"
            },
            "{{ModId}}_Lava Lurk/texture_1": {
              "Sprite": "{{ModId}}_Lava Lurk/texture_1"
            },
            "{{ModId}}_Lava Lurk/texture_2": {
              "Sprite": "{{ModId}}_Lava Lurk/texture_2"
            },
            "Default": {
              "Sprite": "Characters/Monsters/Lava Lurk"
            }
          }
        }
      }
    }
  ]
}