{
  "Changes": [
    {
      "Action": "Load",
      "Target": "{{ModId}}_Metal Head/texture_0,{{ModId}}_Metal Head/texture_1,{{ModId}}_Metal Head/texture_2,{{ModId}}_Metal Head/texture_3,{{ModId}}_Metal Head/texture_4,{{ModId}}_Metal Head/texture_5",
      "FromFile": "Textures/Metal Head/{{TargetWithoutPath}}.png"
    },
    {
      "Action": "Load",
      "Target": "{{ModId}}_Metal Head_dangerous/texture_0,{{ModId}}_Metal Head_dangerous/texture_1,{{ModId}}_Metal Head_dangerous/texture_2,{{ModId}}_Metal Head_dangerous/texture_3,{{ModId}}_Metal Head_dangerous/texture_4,{{ModId}}_Metal Head_dangerous/texture_5",
      "FromFile": "Textures/Metal Head Dangerous/{{TargetWithoutPath}}.png"
    },
    {
      "Action": "EditData",
      "Target": "mushymato.MonsterVariety/Data",
      "Entries": {
        "Metal Head": {
          "Varieties": {
            "{{ModId}}_Metal Head/texture_0": {
              "Sprite": "{{ModId}}_Metal Head/texture_0"
            },
            "{{ModId}}_Metal Head/texture_1": {
              "Sprite": "{{ModId}}_Metal Head/texture_1"
            },
            "{{ModId}}_Metal Head/texture_2": {
              "Sprite": "{{ModId}}_Metal Head/texture_2"
            },
            "{{ModId}}_Metal Head/texture_3": {
              "Sprite": "{{ModId}}_Metal Head/texture_3"
            },
            "{{ModId}}_Metal Head/texture_4": {
              "Sprite": "{{ModId}}_Metal Head/texture_4"
            },
            "{{ModId}}_Metal Head/texture_5": {
              "Sprite": "{{ModId}}_Metal Head/texture_5"
            },
            "Default": {
              "Sprite": "Characters/Monsters/Metal Head"
            }
          },
          "DangerousVarieties": {
            "{{ModId}}_Metal Head_dangerous/texture_0": {
              "Sprite": "{{ModId}}_Metal Head_dangerous/texture_0"
            },
            "{{ModId}}_Metal Head_dangerous/texture_1": {
              "Sprite": "{{ModId}}_Metal Head_dangerous/texture_1"
            },
            "{{ModId}}_Metal Head_dangerous/texture_2": {
              "Sprite": "{{ModId}}_Metal Head_dangerous/texture_2"
            },
            "{{ModId}}_Metal Head_dangerous/texture_3": {
              "Sprite": "{{ModId}}_Metal Head_dangerous/texture_3"
            },
            "{{ModId}}_Metal Head_dangerous/texture_4": {
              "Sprite": "{{ModId}}_Metal Head_dangerous/texture_4"
            },
            "{{ModId}}_Metal Head_dangerous/texture_5": {
              "Sprite": "{{ModId}}_Metal Head_dangerous/texture_5"
            },
            "Default": {
              "Sprite": "Characters/Monsters/Metal Head_dangerous"
            }
          }
        }
      }
    }
  ]
}